{
    "ok": true,
    "value": {
        "sensor": "temp",
        "value": [
            1.690852149485806,
            0.2526944542916808,
            0.8461068446599935,
            0.5200985143442437,
            0.6104730095047797,
            0.10311828627717658,
            -0.05913061493399902,
            0.31232671183572025,
            0.5552665199367572
        ],
        "time": [
            1.0,
            2.0,
            3.0,
            4.0,
            5.0,
            6.0,
            7.0,
            8.0,
            9.0
        ]
    }
}

